{
"lengthUnit": "mil",
"remark": [],
"components": {
	"fields": ["COMPONENT_NO", "COMPONENT_NAME", "LAYER", "X_COORDINATE", "Y_COORDINATE", "ANGLE"],
	"rows": [
		[1, "C1", "T", 240, -545, 0],
		[2, "C2", "T", 600, -1025, 90],
		[3, "C3", "T", 967.2875, -942.7125, 90],
		[4, "C4", "T", 1205, -660, 90],
		[5, "D1", "T", 240, -410, 0],
		[6, "D2", "T", 455, -1025, 90],
		[7, "D3", "T", 930, -535, 180],
		[8, "D4", "T", 1193.82, -321.18, 180],
		[9, "H1", "T", 175, -870, 180],
		[10, "H2", "T", 240, -260, 0],
		[11, "H3", "T", 510, -500, 0],
		[12, "H4", "T", 230, -1050, 0],
		[13, "H5", "T", 465, -230, 0],
		[14, "H6", "T", 1097.2875, -942.7125, 90],
		[15, "H7", "T", 820, -205, 0],
		[16, "H8", "T", 1200, -210, 180],
		[17, "H9", "T", 725, -785, 0],
		[18, "H10", "T", 1345, -685, 90],
		[19, "H11", "T", 845, -850, 270],
		[20, "H12", "T", 1340, -440, 90],
		[21, "Q1", "T", 335, -690, 180],
		[22, "Q2", "T", 540, -795, 90],
		[23, "Q3", "T", 840, -440, 180],
		[24, "Q4", "T", 1040, -360, 180],
		[25, "R1", "T", 170, -690, 270],
		[26, "R2", "T", 540, -630, 180],
		[27, "R3", "T", 685, -460, 180],
		[28, "R4", "T", 960.63, -210.63, 180],
		[29, "R5", "T", 754.37, -649.37, 180],
		[30, "R6", "T", 729.37, -924.37, 270],
		[31, "PAD1", "T", 279.37, -545, 0],
		[32, "PAD2", "T", 200.63, -545, 0],
		[33, "PAD3", "T", 600, -985.63, 0],
		[34, "PAD4", "T", 600, -1064.37, 0],
		[35, "PAD5", "T", 967.2875, -903.3425, 0],
		[36, "PAD6", "T", 967.2875, -982.0825, 0],
		[37, "PAD7", "T", 1205, -620.63, 0],
		[38, "PAD8", "T", 1205, -699.37, 0],
		[39, "PAD9", "T", 291.18, -410, 0],
		[40, "PAD10", "T", 188.82, -410, 0],
		[41, "PAD11", "T", 455, -973.82, 0],
		[42, "PAD12", "T", 455, -1076.18, 0],
		[43, "PAD13", "T", 878.82, -535, 0],
		[44, "PAD14", "T", 981.18, -535, 0],
		[45, "PAD15", "T", 1142.64, -321.18, 0],
		[46, "PAD16", "T", 1245, -321.18, 0],
		[47, "PAD17", "T", 175, -870, 0],
		[48, "PAD17", "B", 175, -870, 0],
		[49, "PAD18", "T", 190, -260, 0],
		[50, "PAD18", "B", 190, -260, 0],
		[51, "PAD19", "T", 290, -260, 0],
		[52, "PAD19", "B", 290, -260, 0],
		[53, "PAD20", "T", 510, -500, 0],
		[54, "PAD20", "B", 510, -500, 0],
		[55, "PAD21", "T", 180, -1050, 0],
		[56, "PAD21", "B", 180, -1050, 0],
		[57, "PAD22", "T", 280, -1050, 0],
		[58, "PAD22", "B", 280, -1050, 0],
		[59, "PAD23", "T", 465, -230, 0],
		[60, "PAD23", "B", 465, -230, 0],
		[61, "PAD24", "T", 1097.2875, -992.7125, 0],
		[62, "PAD24", "B", 1097.2875, -992.7125, 0],
		[63, "PAD25", "T", 1097.2875, -892.7125, 0],
		[64, "PAD25", "B", 1097.2875, -892.7125, 0],
		[65, "PAD26", "T", 820, -205, 0],
		[66, "PAD26", "B", 820, -205, 0],
		[67, "PAD27", "T", 1250, -210, 0],
		[68, "PAD27", "B", 1250, -210, 0],
		[69, "PAD28", "T", 1150, -210, 0],
		[70, "PAD28", "B", 1150, -210, 0],
		[71, "PAD29", "T", 725, -785, 0],
		[72, "PAD29", "B", 725, -785, 0],
		[73, "PAD30", "T", 1345, -735, 0],
		[74, "PAD30", "B", 1345, -735, 0],
		[75, "PAD31", "T", 1345, -635, 0],
		[76, "PAD31", "B", 1345, -635, 0],
		[77, "PAD32", "T", 845, -800, 0],
		[78, "PAD32", "B", 845, -800, 0],
		[79, "PAD33", "T", 845, -900, 0],
		[80, "PAD33", "B", 845, -900, 0],
		[81, "PAD34", "T", 1340, -490, 0],
		[82, "PAD34", "B", 1340, -490, 0],
		[83, "PAD35", "T", 1340, -390, 0],
		[84, "PAD35", "B", 1340, -390, 0],
		[85, "PAD36", "T", 295.63, -652.6, 0],
		[86, "PAD37", "T", 295.63, -727.4, 0],
		[87, "PAD38", "T", 374.37, -690, 0],
		[88, "PAD39", "T", 577.4, -755.63, 0],
		[89, "PAD40", "T", 502.6, -755.63, 0],
		[90, "PAD41", "T", 540, -834.37, 0],
		[91, "PAD42", "T", 800.63, -402.6, 0],
		[92, "PAD43", "T", 800.63, -477.4, 0],
		[93, "PAD44", "T", 879.37, -440, 0],
		[94, "PAD45", "T", 1000.63, -322.6, 0],
		[95, "PAD46", "T", 1000.63, -397.4, 0],
		[96, "PAD47", "T", 1079.37, -360, 0],
		[97, "PAD48", "T", 170, -729.37, 0],
		[98, "PAD49", "T", 170, -650.63, 0],
		[99, "PAD50", "T", 500.63, -630, 0],
		[100, "PAD51", "T", 579.37, -630, 0],
		[101, "PAD52", "T", 645.63, -460, 0],
		[102, "PAD53", "T", 724.37, -460, 0],
		[103, "PAD54", "T", 921.26, -210.63, 0],
		[104, "PAD55", "T", 1000, -210.63, 0],
		[105, "PAD56", "T", 715, -649.37, 0],
		[106, "PAD57", "T", 793.74, -649.37, 0],
		[107, "PAD58", "T", 729.37, -963.74, 0],
		[108, "PAD59", "T", 729.37, -885, 0]
	]
},
"pins": {
	"fields": ["PIN_NO", "PIN_NAME", "PIN_X", "PIN_Y", "LAYER", "PIN_TYPE", "NET_NAME", "NET_TYPE", "PAD_SHAPE", "PAD_SIZEX", "PAD_SIZEY", "HOLE_SIZE", "HOLE_LEN", "PAD_ANGLE"],
	"rows": [
		[1, "C1_1", 200.63, -545, "T", "SMD", "VCC", "", "R", 55.512, 53.15, 0, 0, 0],
		[2, "C1_2", 279.37, -545, "T", "SMD", "$1N485", "", "R", 55.512, 53.15, 0, 0, 0],
		[3, "C2_1", 600, -1064.37, "T", "SMD", "VCC", "", "R", 55.512, 53.15, 0, 0, 90],
		[4, "C2_2", 600, -985.63, "T", "SMD", "$1N1009", "", "R", 55.512, 53.15, 0, 0, 90],
		[5, "C3_1", 967.2875, -982.0825, "T", "SMD", "VCC", "", "R", 55.512, 53.15, 0, 0, 90],
		[6, "C3_2", 967.2875, -903.3425, "T", "SMD", "$1N1294", "", "R", 55.512, 53.15, 0, 0, 90],
		[7, "C4_1", 1205, -699.37, "T", "SMD", "VCC", "", "R", 55.512, 53.15, 0, 0, 90],
		[8, "C4_2", 1205, -620.63, "T", "SMD", "$1N1579", "", "R", 55.512, 53.15, 0, 0, 90],
		[9, "D1_1", 188.82, -410, "T", "SMD", "VCC", "", "R", 35.433, 27.559, 0, 0, 0],
		[10, "D1_2", 291.18, -410, "T", "SMD", "$1N485", "", "R", 35.433, 27.559, 0, 0, 0],
		[11, "D2_1", 455, -1076.18, "T", "SMD", "VCC", "", "R", 35.433, 27.559, 0, 0, 90],
		[12, "D2_2", 455, -973.82, "T", "SMD", "$1N1009", "", "R", 35.433, 27.559, 0, 0, 90],
		[13, "D3_1", 981.18, -535, "T", "SMD", "VCC", "", "R", 35.433, 27.559, 0, 0, 180],
		[14, "D3_2", 878.82, -535, "T", "SMD", "$1N1294", "", "R", 35.433, 27.559, 0, 0, 180],
		[15, "D4_1", 1245, -321.18, "T", "SMD", "VCC", "", "R", 35.433, 27.559, 0, 0, 180],
		[16, "D4_2", 1142.64, -321.18, "T", "SMD", "$1N1579", "", "R", 35.433, 27.559, 0, 0, 180],
		[17, "H1_1", 175, -870, "T", "DIP", "$1N267", "", "R", 66.929, 66.929, 43.308, 43.308, 180],
		[18, "H1_1", 175, -870, "B", "DIP", "$1N267", "", "R", 66.929, 66.929, 43.308, 43.308, 180],
		[19, "H2_1", 190, -260, "T", "DIP", "VCC", "", "R", 78.74, 78.74, 47.244, 47.244, 0],
		[20, "H2_1", 190, -260, "B", "DIP", "VCC", "", "R", 78.74, 78.74, 47.244, 47.244, 0],
		[21, "H2_2", 290, -260, "T", "DIP", "$1N485", "", "C", 78.74, 78.74, 47.244, 47.244, 0],
		[22, "H2_2", 290, -260, "B", "DIP", "$1N485", "", "C", 78.74, 78.74, 47.244, 47.244, 0],
		[23, "H3_1", 510, -500, "T", "DIP", "$1N1017", "", "R", 66.929, 66.929, 43.308, 43.308, 0],
		[24, "H3_1", 510, -500, "B", "DIP", "$1N1017", "", "R", 66.929, 66.929, 43.308, 43.308, 0],
		[25, "H4_1", 180, -1050, "T", "DIP", "VCC", "", "R", 78.74, 78.74, 47.244, 47.244, 0],
		[26, "H4_1", 180, -1050, "B", "DIP", "VCC", "", "R", 78.74, 78.74, 47.244, 47.244, 0],
		[27, "H4_2", 280, -1050, "T", "DIP", "$1N1009", "", "C", 78.74, 78.74, 47.244, 47.244, 0],
		[28, "H4_2", 280, -1050, "B", "DIP", "$1N1009", "", "C", 78.74, 78.74, 47.244, 47.244, 0],
		[29, "H5_1", 465, -230, "T", "DIP", "$1N1302", "", "R", 66.929, 66.929, 43.308, 43.308, 0],
		[30, "H5_1", 465, -230, "B", "DIP", "$1N1302", "", "R", 66.929, 66.929, 43.308, 43.308, 0],
		[31, "H6_1", 1097.2875, -992.7125, "T", "DIP", "VCC", "", "R", 78.74, 78.74, 47.244, 47.244, 90],
		[32, "H6_1", 1097.2875, -992.7125, "B", "DIP", "VCC", "", "R", 78.74, 78.74, 47.244, 47.244, 90],
		[33, "H6_2", 1097.2875, -892.7125, "T", "DIP", "$1N1294", "", "C", 78.74, 78.74, 47.244, 47.244, 90],
		[34, "H6_2", 1097.2875, -892.7125, "B", "DIP", "$1N1294", "", "C", 78.74, 78.74, 47.244, 47.244, 90],
		[35, "H7_1", 820, -205, "T", "DIP", "$1N1587", "", "R", 66.929, 66.929, 43.308, 43.308, 0],
		[36, "H7_1", 820, -205, "B", "DIP", "$1N1587", "", "R", 66.929, 66.929, 43.308, 43.308, 0],
		[37, "H8_1", 1250, -210, "T", "DIP", "VCC", "", "R", 78.74, 78.74, 47.244, 47.244, 180],
		[38, "H8_1", 1250, -210, "B", "DIP", "VCC", "", "R", 78.74, 78.74, 47.244, 47.244, 180],
		[39, "H8_2", 1150, -210, "T", "DIP", "$1N1579", "", "C", 78.74, 78.74, 47.244, 47.244, 180],
		[40, "H8_2", 1150, -210, "B", "DIP", "$1N1579", "", "C", 78.74, 78.74, 47.244, 47.244, 180],
		[41, "H9_1", 725, -785, "T", "DIP", "$1N1771", "", "R", 66.929, 66.929, 43.308, 43.308, 0],
		[42, "H9_1", 725, -785, "B", "DIP", "$1N1771", "", "R", 66.929, 66.929, 43.308, 43.308, 0],
		[43, "H10_1", 1345, -735, "T", "DIP", "VCC", "", "R", 78.74, 78.74, 47.244, 47.244, 90],
		[44, "H10_1", 1345, -735, "B", "DIP", "VCC", "", "R", 78.74, 78.74, 47.244, 47.244, 90],
		[45, "H10_2", 1345, -635, "T", "DIP", "VCC", "", "C", 78.74, 78.74, 47.244, 47.244, 90],
		[46, "H10_2", 1345, -635, "B", "DIP", "VCC", "", "C", 78.74, 78.74, 47.244, 47.244, 90],
		[47, "H11_1", 845, -800, "T", "DIP", "GND", "GND", "R", 78.74, 78.74, 47.244, 47.244, 270],
		[48, "H11_1", 845, -800, "B", "DIP", "GND", "GND", "R", 78.74, 78.74, 47.244, 47.244, 270],
		[49, "H11_2", 845, -900, "T", "DIP", "GND", "GND", "C", 78.74, 78.74, 47.244, 47.244, 270],
		[50, "H11_2", 845, -900, "B", "DIP", "GND", "GND", "C", 78.74, 78.74, 47.244, 47.244, 270],
		[51, "H12_1", 1340, -490, "T", "DIP", "VCC", "", "R", 78.74, 78.74, 47.244, 47.244, 90],
		[52, "H12_1", 1340, -490, "B", "DIP", "VCC", "", "R", 78.74, 78.74, 47.244, 47.244, 90],
		[53, "H12_2", 1340, -390, "T", "DIP", "GND", "GND", "C", 78.74, 78.74, 47.244, 47.244, 90],
		[54, "H12_2", 1340, -390, "B", "DIP", "GND", "GND", "C", 78.74, 78.74, 47.244, 47.244, 90],
		[55, "Q1_1", 295.63, -652.6, "T", "SMD", "$1N312", "", "R", 49.213, 27.559, 0, 0, 180],
		[56, "Q1_2", 295.63, -727.4, "T", "SMD", "GND", "GND", "R", 49.213, 27.559, 0, 0, 180],
		[57, "Q1_3", 374.37, -690, "T", "SMD", "$1N485", "", "R", 49.213, 27.559, 0, 0, 180],
		[58, "Q2_1", 577.4, -755.63, "T", "SMD", "$1N1015", "", "R", 49.213, 27.559, 0, 0, 90],
		[59, "Q2_2", 502.6, -755.63, "T", "SMD", "GND", "GND", "R", 49.213, 27.559, 0, 0, 90],
		[60, "Q2_3", 540, -834.37, "T", "SMD", "$1N1009", "", "R", 49.213, 27.559, 0, 0, 90],
		[61, "Q3_1", 800.63, -402.6, "T", "SMD", "$1N1300", "", "R", 49.213, 27.559, 0, 0, 180],
		[62, "Q3_2", 800.63, -477.4, "T", "SMD", "GND", "GND", "R", 49.213, 27.559, 0, 0, 180],
		[63, "Q3_3", 879.37, -440, "T", "SMD", "$1N1294", "", "R", 49.213, 27.559, 0, 0, 180],
		[64, "Q4_1", 1000.63, -322.6, "T", "SMD", "$1N1585", "", "R", 49.213, 27.559, 0, 0, 180],
		[65, "Q4_2", 1000.63, -397.4, "T", "SMD", "GND", "GND", "R", 49.213, 27.559, 0, 0, 180],
		[66, "Q4_3", 1079.37, -360, "T", "SMD", "$1N1579", "", "R", 49.213, 27.559, 0, 0, 180],
		[67, "R1_1", 170, -650.63, "T", "SMD", "$1N312", "", "R", 44.588, 54.213, 0, 0, 270],
		[68, "R1_2", 170, -729.37, "T", "SMD", "$1N267", "", "R", 44.588, 54.213, 0, 0, 270],
		[69, "R2_1", 579.37, -630, "T", "SMD", "$1N1015", "", "R", 44.588, 54.213, 0, 0, 180],
		[70, "R2_2", 500.63, -630, "T", "SMD", "$1N1017", "", "R", 44.588, 54.213, 0, 0, 180],
		[71, "R3_1", 724.37, -460, "T", "SMD", "$1N1300", "", "R", 44.588, 54.213, 0, 0, 180],
		[72, "R3_2", 645.63, -460, "T", "SMD", "$1N1302", "", "R", 44.588, 54.213, 0, 0, 180],
		[73, "R4_1", 1000, -210.63, "T", "SMD", "$1N1585", "", "R", 44.588, 54.213, 0, 0, 180],
		[74, "R4_2", 921.26, -210.63, "T", "SMD", "$1N1587", "", "R", 44.588, 54.213, 0, 0, 180],
		[75, "R5_1", 793.74, -649.37, "T", "SMD", "GND", "GND", "R", 44.588, 54.213, 0, 0, 180],
		[76, "R5_2", 715, -649.37, "T", "SMD", "$1N1771", "", "R", 44.588, 54.213, 0, 0, 180],
		[77, "R6_1", 729.37, -885, "T", "SMD", "$1N1771", "", "R", 44.588, 54.213, 0, 0, 270],
		[78, "R6_2", 729.37, -963.74, "T", "SMD", "VCC", "", "R", 44.588, 54.213, 0, 0, 270],
		[79, "PAD1_2", 279.37, -545, "T", "SMD", "$1N485", "", "R", 55.512, 53.15, 0, 0, 0],
		[80, "PAD2_1", 200.63, -545, "T", "SMD", "VCC", "", "R", 55.512, 53.15, 0, 0, 0],
		[81, "PAD3_2", 600, -985.63, "T", "SMD", "$1N1009", "", "R", 55.512, 53.15, 0, 0, 90],
		[82, "PAD4_1", 600, -1064.37, "T", "SMD", "VCC", "", "R", 55.512, 53.15, 0, 0, 90],
		[83, "PAD5_2", 967.2875, -903.3425, "T", "SMD", "$1N1294", "", "R", 55.512, 53.15, 0, 0, 90],
		[84, "PAD6_1", 967.2875, -982.0825, "T", "SMD", "VCC", "", "R", 55.512, 53.15, 0, 0, 90],
		[85, "PAD7_2", 1205, -620.63, "T", "SMD", "$1N1579", "", "R", 55.512, 53.15, 0, 0, 90],
		[86, "PAD8_1", 1205, -699.37, "T", "SMD", "VCC", "", "R", 55.512, 53.15, 0, 0, 90],
		[87, "PAD9_2", 291.18, -410, "T", "SMD", "$1N485", "", "R", 35.433, 27.559, 0, 0, 0],
		[88, "PAD10_1", 188.82, -410, "T", "SMD", "VCC", "", "R", 35.433, 27.559, 0, 0, 0],
		[89, "PAD11_2", 455, -973.82, "T", "SMD", "$1N1009", "", "R", 35.433, 27.559, 0, 0, 90],
		[90, "PAD12_1", 455, -1076.18, "T", "SMD", "VCC", "", "R", 35.433, 27.559, 0, 0, 90],
		[91, "PAD13_2", 878.82, -535, "T", "SMD", "$1N1294", "", "R", 35.433, 27.559, 0, 0, 180],
		[92, "PAD14_1", 981.18, -535, "T", "SMD", "VCC", "", "R", 35.433, 27.559, 0, 0, 180],
		[93, "PAD15_2", 1142.64, -321.18, "T", "SMD", "$1N1579", "", "R", 35.433, 27.559, 0, 0, 180],
		[94, "PAD16_1", 1245, -321.18, "T", "SMD", "VCC", "", "R", 35.433, 27.559, 0, 0, 180],
		[95, "PAD17_1", 175, -870, "T", "DIP", "$1N267", "", "R", 66.929, 66.929, 43.308, 43.308, 180],
		[96, "PAD17_1", 175, -870, "B", "DIP", "$1N267", "", "R", 66.929, 66.929, 43.308, 43.308, 180],
		[97, "PAD18_1", 190, -260, "T", "DIP", "VCC", "", "R", 78.74, 78.74, 47.244, 47.244, 0],
		[98, "PAD18_1", 190, -260, "B", "DIP", "VCC", "", "R", 78.74, 78.74, 47.244, 47.244, 0],
		[99, "PAD19_2", 290, -260, "T", "DIP", "$1N485", "", "C", 78.74, 78.74, 47.244, 47.244, 0],
		[100, "PAD19_2", 290, -260, "B", "DIP", "$1N485", "", "C", 78.74, 78.74, 47.244, 47.244, 0],
		[101, "PAD20_1", 510, -500, "T", "DIP", "$1N1017", "", "R", 66.929, 66.929, 43.308, 43.308, 0],
		[102, "PAD20_1", 510, -500, "B", "DIP", "$1N1017", "", "R", 66.929, 66.929, 43.308, 43.308, 0],
		[103, "PAD21_1", 180, -1050, "T", "DIP", "VCC", "", "R", 78.74, 78.74, 47.244, 47.244, 0],
		[104, "PAD21_1", 180, -1050, "B", "DIP", "VCC", "", "R", 78.74, 78.74, 47.244, 47.244, 0],
		[105, "PAD22_2", 280, -1050, "T", "DIP", "$1N1009", "", "C", 78.74, 78.74, 47.244, 47.244, 0],
		[106, "PAD22_2", 280, -1050, "B", "DIP", "$1N1009", "", "C", 78.74, 78.74, 47.244, 47.244, 0],
		[107, "PAD23_1", 465, -230, "T", "DIP", "$1N1302", "", "R", 66.929, 66.929, 43.308, 43.308, 0],
		[108, "PAD23_1", 465, -230, "B", "DIP", "$1N1302", "", "R", 66.929, 66.929, 43.308, 43.308, 0],
		[109, "PAD24_1", 1097.2875, -992.7125, "T", "DIP", "VCC", "", "R", 78.74, 78.74, 47.244, 47.244, 90],
		[110, "PAD24_1", 1097.2875, -992.7125, "B", "DIP", "VCC", "", "R", 78.74, 78.74, 47.244, 47.244, 90],
		[111, "PAD25_2", 1097.2875, -892.7125, "T", "DIP", "$1N1294", "", "C", 78.74, 78.74, 47.244, 47.244, 90],
		[112, "PAD25_2", 1097.2875, -892.7125, "B", "DIP", "$1N1294", "", "C", 78.74, 78.74, 47.244, 47.244, 90],
		[113, "PAD26_1", 820, -205, "T", "DIP", "$1N1587", "", "R", 66.929, 66.929, 43.308, 43.308, 0],
		[114, "PAD26_1", 820, -205, "B", "DIP", "$1N1587", "", "R", 66.929, 66.929, 43.308, 43.308, 0],
		[115, "PAD27_1", 1250, -210, "T", "DIP", "VCC", "", "R", 78.74, 78.74, 47.244, 47.244, 180],
		[116, "PAD27_1", 1250, -210, "B", "DIP", "VCC", "", "R", 78.74, 78.74, 47.244, 47.244, 180],
		[117, "PAD28_2", 1150, -210, "T", "DIP", "$1N1579", "", "C", 78.74, 78.74, 47.244, 47.244, 180],
		[118, "PAD28_2", 1150, -210, "B", "DIP", "$1N1579", "", "C", 78.74, 78.74, 47.244, 47.244, 180],
		[119, "PAD29_1", 725, -785, "T", "DIP", "$1N1771", "", "R", 66.929, 66.929, 43.308, 43.308, 0],
		[120, "PAD29_1", 725, -785, "B", "DIP", "$1N1771", "", "R", 66.929, 66.929, 43.308, 43.308, 0],
		[121, "PAD30_1", 1345, -735, "T", "DIP", "VCC", "", "R", 78.74, 78.74, 47.244, 47.244, 90],
		[122, "PAD30_1", 1345, -735, "B", "DIP", "VCC", "", "R", 78.74, 78.74, 47.244, 47.244, 90],
		[123, "PAD31_2", 1345, -635, "T", "DIP", "VCC", "", "C", 78.74, 78.74, 47.244, 47.244, 90],
		[124, "PAD31_2", 1345, -635, "B", "DIP", "VCC", "", "C", 78.74, 78.74, 47.244, 47.244, 90],
		[125, "PAD32_1", 845, -800, "T", "DIP", "GND", "GND", "R", 78.74, 78.74, 47.244, 47.244, 270],
		[126, "PAD32_1", 845, -800, "B", "DIP", "GND", "GND", "R", 78.74, 78.74, 47.244, 47.244, 270],
		[127, "PAD33_2", 845, -900, "T", "DIP", "GND", "GND", "C", 78.74, 78.74, 47.244, 47.244, 270],
		[128, "PAD33_2", 845, -900, "B", "DIP", "GND", "GND", "C", 78.74, 78.74, 47.244, 47.244, 270],
		[129, "PAD34_1", 1340, -490, "T", "DIP", "VCC", "", "R", 78.74, 78.74, 47.244, 47.244, 90],
		[130, "PAD34_1", 1340, -490, "B", "DIP", "VCC", "", "R", 78.74, 78.74, 47.244, 47.244, 90],
		[131, "PAD35_2", 1340, -390, "T", "DIP", "GND", "GND", "C", 78.74, 78.74, 47.244, 47.244, 90],
		[132, "PAD35_2", 1340, -390, "B", "DIP", "GND", "GND", "C", 78.74, 78.74, 47.244, 47.244, 90],
		[133, "PAD36_1", 295.63, -652.6, "T", "SMD", "$1N312", "", "R", 49.213, 27.559, 0, 0, 180],
		[134, "PAD37_2", 295.63, -727.4, "T", "SMD", "GND", "GND", "R", 49.213, 27.559, 0, 0, 180],
		[135, "PAD38_3", 374.37, -690, "T", "SMD", "$1N485", "", "R", 49.213, 27.559, 0, 0, 180],
		[136, "PAD39_1", 577.4, -755.63, "T", "SMD", "$1N1015", "", "R", 49.213, 27.559, 0, 0, 90],
		[137, "PAD40_2", 502.6, -755.63, "T", "SMD", "GND", "GND", "R", 49.213, 27.559, 0, 0, 90],
		[138, "PAD41_3", 540, -834.37, "T", "SMD", "$1N1009", "", "R", 49.213, 27.559, 0, 0, 90],
		[139, "PAD42_1", 800.63, -402.6, "T", "SMD", "$1N1300", "", "R", 49.213, 27.559, 0, 0, 180],
		[140, "PAD43_2", 800.63, -477.4, "T", "SMD", "GND", "GND", "R", 49.213, 27.559, 0, 0, 180],
		[141, "PAD44_3", 879.37, -440, "T", "SMD", "$1N1294", "", "R", 49.213, 27.559, 0, 0, 180],
		[142, "PAD45_1", 1000.63, -322.6, "T", "SMD", "$1N1585", "", "R", 49.213, 27.559, 0, 0, 180],
		[143, "PAD46_2", 1000.63, -397.4, "T", "SMD", "GND", "GND", "R", 49.213, 27.559, 0, 0, 180],
		[144, "PAD47_3", 1079.37, -360, "T", "SMD", "$1N1579", "", "R", 49.213, 27.559, 0, 0, 180],
		[145, "PAD48_2", 170, -729.37, "T", "SMD", "$1N267", "", "R", 44.588, 54.213, 0, 0, 270],
		[146, "PAD49_1", 170, -650.63, "T", "SMD", "$1N312", "", "R", 44.588, 54.213, 0, 0, 270],
		[147, "PAD50_2", 500.63, -630, "T", "SMD", "$1N1017", "", "R", 44.588, 54.213, 0, 0, 180],
		[148, "PAD51_1", 579.37, -630, "T", "SMD", "$1N1015", "", "R", 44.588, 54.213, 0, 0, 180],
		[149, "PAD52_2", 645.63, -460, "T", "SMD", "$1N1302", "", "R", 44.588, 54.213, 0, 0, 180],
		[150, "PAD53_1", 724.37, -460, "T", "SMD", "$1N1300", "", "R", 44.588, 54.213, 0, 0, 180],
		[151, "PAD54_2", 921.26, -210.63, "T", "SMD", "$1N1587", "", "R", 44.588, 54.213, 0, 0, 180],
		[152, "PAD55_1", 1000, -210.63, "T", "SMD", "$1N1585", "", "R", 44.588, 54.213, 0, 0, 180],
		[153, "PAD56_2", 715, -649.37, "T", "SMD", "$1N1771", "", "R", 44.588, 54.213, 0, 0, 180],
		[154, "PAD57_1", 793.74, -649.37, "T", "SMD", "GND", "GND", "R", 44.588, 54.213, 0, 0, 180],
		[155, "PAD58_2", 729.37, -963.74, "T", "SMD", "VCC", "", "R", 44.588, 54.213, 0, 0, 270],
		[156, "PAD59_1", 729.37, -885, "T", "SMD", "$1N1771", "", "R", 44.588, 54.213, 0, 0, 270]
	]
}
}